{
  "functions": {
    "app/api/**": {
      "maxDuration": 30
    }
  },
  "headers": [
    {
      "source": "/api/(.*)",
      "headers": [
        {
          "key": "Access-Control-Allow-Origin",
          "value": "*"
        },
        {
          "key": "Access-Control-Allow-Methods",
          "value": "GET, POST, PUT, DELETE, OPTIONS"
        },
        {
          "key": "Access-Control-Allow-Headers",
          "value": "Content-Type, Authorization"
        }
      ]
    }
  ],
  "rewrites": [
    {
      "source": "/monitoring",
      "destination": "/api/sentry-tunnel"
    }
  ],
  "env": {
    "NEXT_PUBLIC_SUPABASE_URL": "@supabase_url",
    "NEXT_PUBLIC_SUPABASE_ANON_KEY": "@supabase_anon_key",
    "SUPABASE_SERVICE_ROLE_KEY": "@supabase_service_role_key",
    "VERCEL_KV_URL": "@kv_url",
    "VERCEL_KV_TOKEN": "@kv_token",
    "NEXT_PUBLIC_SENTRY_DSN": "@sentry_dsn",
    "SENTRY_AUTH_TOKEN": "@sentry_auth_token",
    "SENTRY_ORG": "@sentry_org",
    "SENTRY_PROJECT": "@sentry_project"
  }
}